Grup;Ders;Konu
12. Sınıf ve Mezun (2027 YKS);TYT Türkçe;Sözcükte Anlam
12. Sınıf ve Mezun (2027 YKS);TYT Türkçe;Cümlede Anlam
12. Sınıf ve Mezun (2027 YKS);TYT Türkçe;Paragrafta Anlam ve Yapı
12. Sınıf ve Mezun (2027 YKS);TYT Türkçe;Ses Bilgisi
12. Sınıf ve Mezun (2027 YKS);TYT Türkçe;Yazım Kuralları
12. Sınıf ve Mezun (2027 YKS);TYT Türkçe;Noktalama İşaretleri
12. Sınıf ve Mezun (2027 YKS);TYT Türkçe;Sözcük Türleri (İsim, Sıfat, Zamir, Zarf, Edat, Bağlaç, Ünlem)
12. Sınıf ve Mezun (2027 YKS);TYT Türkçe;Fiiller, Ek Fiil ve Fiilimsi
12. Sınıf ve Mezun (2027 YKS);TYT Türkçe;Cümlenin Ögeleri ve Cümle Çeşitleri
12. Sınıf ve Mezun (2027 YKS);TYT Türkçe;Anlatım Bozuklukları
12. Sınıf ve Mezun (2027 YKS);TYT Matematik;Temel Kavramlar ve Sayı Kümeleri
12. Sınıf ve Mezun (2027 YKS);TYT Matematik;Sayı Basamakları
12. Sınıf ve Mezun (2027 YKS);TYT Matematik;Bölme ve Bölünebilme
12. Sınıf ve Mezun (2027 YKS);TYT Matematik;EBOB - EKOK
12. Sınıf ve Mezun (2027 YKS);TYT Matematik;Rasyonel Sayılar
12. Sınıf ve Mezun (2027 YKS);TYT Matematik;Basit Eşitsizlikler
12. Sınıf ve Mezun (2027 YKS);TYT Matematik;Mutlak Değer
12. Sınıf ve Mezun (2027 YKS);TYT Matematik;Üslü İfadeler
12. Sınıf ve Mezun (2027 YKS);TYT Matematik;Köklü İfadeler
12. Sınıf ve Mezun (2027 YKS);TYT Matematik;Çarpanlara Ayırma
12. Sınıf ve Mezun (2027 YKS);TYT Matematik;Oran - Orantı
12. Sınıf ve Mezun (2027 YKS);TYT Matematik;Denklem Çözme
12. Sınıf ve Mezun (2027 YKS);TYT Matematik;Problemler (Sayı, Kesir, Yaş, İşçi, Hız, Yüzde, Karışım, Grafik)
12. Sınıf ve Mezun (2027 YKS);TYT Matematik;Kümeler ve Kartezyen Çarpım
12. Sınıf ve Mezun (2027 YKS);TYT Matematik;Mantık
12. Sınıf ve Mezun (2027 YKS);TYT Matematik;Fonksiyonlar
12. Sınıf ve Mezun (2027 YKS);TYT Matematik;Polinomlar (TYT-AYT Ortak)
12. Sınıf ve Mezun (2027 YKS);TYT Matematik;Veri, Sayma ve Olasılık (Permütasyon, Kombinasyon, Binom)
12. Sınıf ve Mezun (2027 YKS);AYT Matematik;İkinci Dereceden Denklemler ve Karmaşık Sayılar
12. Sınıf ve Mezun (2027 YKS);AYT Matematik;Parabol
12. Sınıf ve Mezun (2027 YKS);AYT Matematik;İkinci Dereceden Eşitsizlikler
12. Sınıf ve Mezun (2027 YKS);AYT Matematik;Logaritma
12. Sınıf ve Mezun (2027 YKS);AYT Matematik;Diziler
12. Sınıf ve Mezun (2027 YKS);AYT Matematik;Trigonometri
12. Sınıf ve Mezun (2027 YKS);AYT Matematik;Limit ve Süreklilik
12. Sınıf ve Mezun (2027 YKS);AYT Matematik;Türev
12. Sınıf ve Mezun (2027 YKS);AYT Matematik;İntegral ve Alan
12. Sınıf ve Mezun (2027 YKS);TYT-AYT Geometri;Doğruda ve Üçgende Açılar
12. Sınıf ve Mezun (2027 YKS);TYT-AYT Geometri;Özel Üçgenler (Dik, İkizkenar, Eşkenar)
12. Sınıf ve Mezun (2027 YKS);TYT-AYT Geometri;Üçgende Açıortay, Kenarortay ve Eşlik-Benzerlik
12. Sınıf ve Mezun (2027 YKS);TYT-AYT Geometri;Üçgende Alan ve Açı-Kenar Bağıntıları
12. Sınıf ve Mezun (2027 YKS);TYT-AYT Geometri;Çokgenler
12. Sınıf ve Mezun (2027 YKS);TYT-AYT Geometri;Dörtgenler, Paralelkenar, Eşkenar Dörtgen
12. Sınıf ve Mezun (2027 YKS);TYT-AYT Geometri;Dikdörtgen, Kare, Deltoid, Yamuk
12. Sınıf ve Mezun (2027 YKS);TYT-AYT Geometri;Çemberde Açı ve Uzunluk
12. Sınıf ve Mezun (2027 YKS);TYT-AYT Geometri;Dairede Çevre ve Alan
12. Sınıf ve Mezun (2027 YKS);TYT-AYT Geometri;Katı Cisimler (Prizma, Piramit, Silindir, Koni, Küre)
12. Sınıf ve Mezun (2027 YKS);TYT-AYT Geometri;Analitik Geometri (Nokta ve Doğru Analitiği)
12. Sınıf ve Mezun (2027 YKS);AYT Geometri;Çemberin Analitik İncelenmesi
12. Sınıf ve Mezun (2027 YKS);AYT Geometri;Dönüşüm Geometrisi
12. Sınıf ve Mezun (2027 YKS);TYT Fizik;Fizik Bilimine Giriş
12. Sınıf ve Mezun (2027 YKS);TYT Fizik;Madde ve Özellikleri
12. Sınıf ve Mezun (2027 YKS);TYT Fizik;Sıvıların Kaldırma Kuvveti ve Basınç
12. Sınıf ve Mezun (2027 YKS);TYT Fizik;Isı, Sıcaklık ve Genleşme
12. Sınıf ve Mezun (2027 YKS);TYT Fizik;Hareket ve Kuvvet (Newton Yasaları)
12. Sınıf ve Mezun (2027 YKS);TYT Fizik;İş, Güç ve Enerji
12. Sınıf ve Mezun (2027 YKS);TYT Fizik;Elektrostatik ve Elektrik Akımı
12. Sınıf ve Mezun (2027 YKS);TYT Fizik;Manyetizma
12. Sınıf ve Mezun (2027 YKS);TYT Fizik;Dalgalar
12. Sınıf ve Mezun (2027 YKS);TYT Fizik;Optik
12. Sınıf ve Mezun (2027 YKS);AYT Fizik;Vektörler ve Bağıl Hareket
12. Sınıf ve Mezun (2027 YKS);AYT Fizik;Newton'ın Hareket Yasaları (Dinamik)
12. Sınıf ve Mezun (2027 YKS);AYT Fizik;Bir Boyutta ve İki Boyutta Sabit İvmeli Hareket (Atışlar)
12. Sınıf ve Mezun (2027 YKS);AYT Fizik;İş, Güç ve Enerji
12. Sınıf ve Mezun (2027 YKS);AYT Fizik;İtme ve Çizgisel Momentum
12. Sınıf ve Mezun (2027 YKS);AYT Fizik;Tork, Denge ve Kütle Merkezi
12. Sınıf ve Mezun (2027 YKS);AYT Fizik;Basit Makineler
12. Sınıf ve Mezun (2027 YKS);AYT Fizik;Elektriksel Kuvvet, Elektrik Alan ve Potansiyel
12. Sınıf ve Mezun (2027 YKS);AYT Fizik;Sığalar (Kondansatörler)
12. Sınıf ve Mezun (2027 YKS);AYT Fizik;Manyetik Alan ve Manyetik Kuvvet
12. Sınıf ve Mezun (2027 YKS);AYT Fizik;İndüksiyon ve Alternatif Akım
12. Sınıf ve Mezun (2027 YKS);AYT Fizik;Çembersel Hareket ve Kepler Yasaları
12. Sınıf ve Mezun (2027 YKS);AYT Fizik;Basit Harmonik Hareket
12. Sınıf ve Mezun (2027 YKS);AYT Fizik;Dalga Mekaniği ve Elektromanyetik Dalgalar
12. Sınıf ve Mezun (2027 YKS);AYT Fizik;Atom Fiziği, Radyoaktivite ve Modern Fizik
8. Sınıf (LGS);LGS Türkçe;Sözcükte Anlam
8. Sınıf (LGS);LGS Türkçe;Cümlede Anlam
8. Sınıf (LGS);LGS Türkçe;Paragrafta Anlam ve Yapı
8. Sınıf (LGS);LGS Türkçe;Sözel Mantık ve Muhakeme
8. Sınıf (LGS);LGS Türkçe;Görsel ve Grafik Okuma
8. Sınıf (LGS);LGS Türkçe;Fiilimsiler (Eylemsiler)
8. Sınıf (LGS);LGS Türkçe;Cümlenin Ögeleri
8. Sınıf (LGS);LGS Türkçe;Cümle Türleri
8. Sınıf (LGS);LGS Türkçe;Fiilde Çatı
8. Sınıf (LGS);LGS Türkçe;Yazım Kuralları
8. Sınıf (LGS);LGS Türkçe;Noktalama İşaretleri
8. Sınıf (LGS);LGS Türkçe;Anlatım Bozuklukları
8. Sınıf (LGS);LGS Matematik;Çarpanlar ve Katlar
8. Sınıf (LGS);LGS Matematik;Üslü İfadeler
8. Sınıf (LGS);LGS Matematik;Kareköklü İfadeler
8. Sınıf (LGS);LGS Matematik;Veri Analizi (Grafikler)
8. Sınıf (LGS);LGS Matematik;Basit Olayların Olma Olasılığı
8. Sınıf (LGS);LGS Matematik;Cebirsel İfadeler ve Özdeşlikler
8. Sınıf (LGS);LGS Matematik;Doğrusal Denklemler
8. Sınıf (LGS);LGS Matematik;Eşitsizlikler
8. Sınıf (LGS);LGS Matematik;Üçgenler
8. Sınıf (LGS);LGS Matematik;Eşlik ve Benzerlik
8. Sınıf (LGS);LGS Matematik;Dönüşüm Geometrisi
8. Sınıf (LGS);LGS Matematik;Geometrik Cisimler
8. Sınıf (LGS);LGS Fen Bilimleri;Mevsimler ve İklim
8. Sınıf (LGS);LGS Fen Bilimleri;DNA ve Genetik Kod
8. Sınıf (LGS);LGS Fen Bilimleri;Basınç
8. Sınıf (LGS);LGS Fen Bilimleri;Madde ve Endüstri
8. Sınıf (LGS);LGS Fen Bilimleri;Basit Makineler
8. Sınıf (LGS);LGS Fen Bilimleri;Enerji Dönüşümleri ve Çevre Bilimi
8. Sınıf (LGS);LGS Fen Bilimleri;Elektrik Yükleri ve Elektrik Enerjisi
8. Sınıf (LGS);LGS İnkılap Tarihi;Bir Kahraman Doğuyor
8. Sınıf (LGS);LGS İnkılap Tarihi;Milli Uyanış: Bağımsızlık Yolunda Atılan Adımlar
8. Sınıf (LGS);LGS İnkılap Tarihi;Ya İstiklal Ya Ölüm
8. Sınıf (LGS);LGS İnkılap Tarihi;Atatürkçülük ve Çağdaşlaşan Türkiye
8. Sınıf (LGS);LGS İnkılap Tarihi;Demokratikleşme Çabaları
8. Sınıf (LGS);LGS İnkılap Tarihi;Atatürk Dönemi Türk Dış Politikası
8. Sınıf (LGS);LGS İnkılap Tarihi;Atatürk'ün Ölümü ve Sonrası
8. Sınıf (LGS);LGS İngilizce;Friendship
8. Sınıf (LGS);LGS İngilizce;Teen Life
8. Sınıf (LGS);LGS İngilizce;In the Kitchen
8. Sınıf (LGS);LGS İngilizce;On the Phone
8. Sınıf (LGS);LGS İngilizce;The Internet
8. Sınıf (LGS);LGS İngilizce;Adventures
8. Sınıf (LGS);LGS İngilizce;Tourism
8. Sınıf (LGS);LGS İngilizce;Chores
8. Sınıf (LGS);LGS İngilizce;Science
8. Sınıf (LGS);LGS İngilizce;Natural Forces